"56","VIB","0x2c974b2d0ba1716e644c1fc59982a89ddd2ff724","18","t"
"22","ADX","0x4470bb87d77b963a013db939be332f927f2b992e","4","t"
"63","GRID","0x12B19D3e2ccc14Da04FAe33e63652ce469b3F2FD","12","t"
"58","BLUE","0x539efe69bcdd21a83efd9122571a64cc25e0282b","8","t"
"60","LIFE","0xff18dbc487b4c2e3222d115952babfda8ba52f5f","18","t"
"42","KNC","0xdd974D5C2e2928deA5F71b9825b8b646686BD200","18","t"
"71","BNTY","0xd2d6158683aee4cc838067727209a0aaf4359de3","18","t"
"73","SPANK","0x42d6622dece394b54999fbd73d108123806f6a18","18","t"
"80","CRED","0x672a1ad4f667fb18a333af13667aa0af1f5b5bdd","18","t"
"89","REF","0x89303500a7abfb178b274fd89f2469c264951e1f","8","t"
"91","NEU","0xa823e6722006afe99e91c30ff5295052fe6b8e32","18","t"
"23","MTL","0xF433089366899D83a9f26A773D59ec7eCF30355e","8","t"
"54","ENJ","0xF629cBd94d3791C9250152BD8dfBDF380E2a3B9c","18","t"
"84","WABI","0x286BDA1413a2Df81731D4930ce2F862a35A609fE","18","t"
"55","DATA","0x0Cf0Ee63788A0849fE5297F3407f701E122cC023","18","t"
"16","SNM","0x983f6d60db79ea8ca4eb9968c6aff8cfa04b3c63","18","t"
"17","NMR","0x1776e1F26f98b1A5dF9cD347953a26dd3Cb46671","18","t"
"24","PLR","0xe3818504c1b32bf1557b16c238b2e01fd3149c17","18","t"
"35","TNT","0x08f5a9235B08173b7569F83645d2c7fB55e8cCD8","8","t"
"33","SCL","0xd7631787b4dcc87b1254cfd1e5ce48e96823dee8","8","t"
"37","MTH","0xaf4dce16da2877f8c9e00544c93b62ac40631f16","5","t"
"38","WTC","0xb7cb1c96db6b22b0d3d9536e0108d062bd488f74","18","t"
"39","ART","0xfec0cf7fe078a500abf15f1284958f22049c2c7e","18","t"
"61","EPY","0x50ee674689d75c0f88e8f83cfe8c4b69e8fd590d","8","t"
"41","HBT","0xdd6c68bb32462e01705011a4e2ad1a60740f217f","15","t"
"43","RLX","0x4a42d2c580f83dce404acad18dab26db11a1750e","18","t"
"400","XNS","0x79c71D3436F39Ce382D0f58F1B011D88100B9D91","18","t"
"48","SALT","0x4156d3342d5c385a87d264f90653733592000581","8","t"
"49","HVN","0xc0eb85285d83217cd7c891702bcbc0fc401e2d9d","8","t"
"50","EVX","0xf3db5fa2c66b7af3eb0c0b782510816cbe4813b8","4","t"
"325","NPXS","0xA15C7Ebe1f07CaF6bFF097D8a589fb8AC49Ae5B3","18","t"
"30","ZRX","0xE41d2489571d322189246DaFA5ebDe1F4699F498","18","t"
"92","HQX","0x1b957dc4aefeed3b4a2351a6a6d5cbfbba0cecfa","18","t"
"65","ASTRO","0x7b22938ca841aa392c93dbb7f4c42178e3d65e88","4","t"
"68","ITT","0x0aef06dcccc531e581f0440059e6ffcc206039ee","8","t"
"18","PAY","0xB97048628DB6B661D4C2aA833e95Dbe1A905B280","18","t"
"72","CAJ","0x3c6a7ab47b5f058be0e7c7fe1a4b7925b8aca40e","18","t"
"52","AST","0x27054b13b1B798B345b591a4d22e6562d47eA75a","4","t"
"440","VANTA","0xfdf574766ba1a96a553e175aeffa85ad78063f0b","18","t"
"2","PLU","0xd8912c10681d8b21fd3742244f44658dba12264e","18","t"
"14","BNT","0x1F573D6Fb3F13d689FF844B4cE37794d79a7FF1C","18","t"
"75","EXRN","0xe469c4473af82217b30cf17b10bcdb6c8c796e75","0","t"
"11","ANT","0x960b236A07cf122663c4303350609A66A7B288C0","18","t"
"78","DMT","0x2ccbff3a042c68716ed2a2cb0c544a9f1d1935e1","8","t"
"81","VEE","0x340d2bde5eb28c1eed91b2f790723e3b160613b7","18","t"
"83","SXUT","0x2c82c73d5b34aa015989462b2948cd616a37641f","18","t"
"241","VME","0xc343f099d3e41aa5c1b59470450e21e92e2d840b","18","t"
"7","GNO","0x6810e776880C02933D47DB1b9fc05908e5386b96","18","t"
"31","MCO","0xB63B606Ac810a52cCa15e44bB630fd42D8d1d83d","8","t"
"474","PRVN","0xb7a2e4b7a93d57133f37aa74485390053e473219","8","t"
"406","CHZ","0x3506424F91fD33084466F402d5D97f05F8e3b4AF","18","t"
"1","ETH","0x0000000000000000000000000000000000000000","18","t"
"9","TKN","0xaaaf91d9b90df800df4f55c205fd6989c977e73a","8","t"
"10","HMQ","0xcbcc0f036ed4788f63fc0fee32873d6a7487b908","8","t"
"448","ANCT","0x5456BC77Dd275c45c3C15f0cF936b763cF57c3B5","8","t"
"32","POE","0x0e0989b1f9B8A38983c2BA8053269Ca62Ec9B195","8","t"
"25","CVC","0x41e5560054824eA6B0732E656E3Ad64E20e94E45","8","t"
"6","TRST","0xcb94be6f13a1182e4a4b6140cb7bf2025d28e41b","6","t"
"77","MKR","0x9f8F72aA9304c8B593d555F12eF6589cC3A579A2","18","t"
"70","GET","0x8a854288a5976036A725879164Ca3e91d30c6A1B","18","t"
"15","SNT","0x744d70FDBE2Ba4CF95131626614a1763DF805B9E","18","t"
"19","PPT","0xd4fa1460f537bb9085d22c7bccb5dd450ef28e3a","8","t"
"20","FUN","0x419D0d8BdD9aF5e606Ae2232ed285Aff190E711b","8","t"
"93","KEY","0x4CC19356f2D37338b9802aa8E8fc58B0373296E7","18","t"
"26","DNT","0x0abdace70d3790235af448c88547603b945604ea","18","t"
"8","WINGS","0x667088b212ce3d06a1b553a7221E1fD19000d9aF","18","t"
"12","BAT","0x0D8775F648430679A709E98d2b0Cb6250d2887EF","18","t"
"85","APPC","0x1a7a8bd9106f2b8d977e08582dc7d24c723ab0db","18","t"
"86","BDG","0x1961b3331969ed52770751fc718ef530838b6dee","18","t"
"87","WAND","0x27f610bf36eca0939093343ac28b1534a721dbb4","18","t"
"57","RCN","0xF970b8E36e23F7fC3FD752EeA86f8Be8D83375A6","18","t"
"69","DRGN","0x419c4dB4B9e25d6Db2AD9691ccb832C8D9fDA05E","18","t"
"29","SAN","0x7c5a0ce9267ed19b22f8cae653f198e3e8daf098","18","t"
"46","CND","0xd4c435F5B09F855C3317c8524Cb1F586E42795fa","18","t"
"34","RVT","0x3d1ba9be9f66b8ee101911bc36d3fb562eac2244","18","t"
"40","PRO2","0x226bb599a12c826476e3a771454697ea52e9e220","8","t"
"45","RPL","0xb4efd85c19999d84251304bda99e90b92300bd93","18","t"
"47","BTM","0xcb97e65f07da24d46bcdd078ebebd7c6e6e3d750","8","t"
"107","SRN","0x68d57c9a1c35f63e2c83ee8e49a64e9d70528d25","18","t"
"121","ADB","0x2baac9330cf9ac479d819195794d79ad0c7616e3","18","t"
"125","BLZ","0x5732046a883704404f284ce41ffadd5b007fd668","18","t"
"129","REN","0x408e41876cCCDC0F92210600ef50372656052a38","18","t"
"115","TRAC","0xaA7a9CA87d3694B5755f213B5D04094b8d0F0A6F","18","t"
"130","REM","0x83984d6142934bb535793a82adb0a46ef0f66b6d","4","t"
"134","FSN","0xd0352a019e9ab9d757776f532377aaebd36fd541","18","t"
"135","DTH","0x5adc961d6ac3f7062d2ea45fefb8d8167d44b190","18","t"
"149","UTK","0xeb9951021698b42e4399f9cbb6267aa35f82d59d","18","t"
"140","AUN","0x5b7093fe2491dfb058c94bcd62a1cd4d822f884c","18","t"
"141","NTK","0x69beab403438253f13b6e92db91f7fb849258263","18","t"
"144","NGC","0x72dd4b6bd852a3aa172be4d6c5a6dbec588cf131","18","t"
"103","IDXM","0xCc13Fc627EFfd6E35D2D2706Ea3C4D7396c610ea","8","t"
"151","EXY","0x5c743a35e903f6c584514ec617acee0611cf44f3","18","t"
"156","ELEC","0xd49ff13661451313ca1553fd6954bd1d9b6e02b9","18","t"
"157","NCT","0x9e46a38f5daabe8683e10793b06749eef7d733d1","18","t"
"158","J8T","0x0d262e5dc4a06a0f1c90ce79c7a60c09dfc884e4","8","t"
"165","LOC","0x5e3346444010135322268a4630d2ed5f8d09446c","18","t"
"167","NCASH","0x809826cceab68c387726af962713b64cb5cb3cca","18","t"
"111","BCDT","0xacfa209fb73bf3dd5bbfb1101b9bc999c49062a5","18","t"
"168","IGNX","0xafd8f91c4d7c2e3240f4154a1c596048035eb63c","18","t"
"172","ABX","0x9a794dc1939f1d78fa48613b89b8f9d0a20da00e","18","t"
"175","FSBT","0x1ed7ae1f0e2fa4276dd7ddc786334a3df81d50c0","18","t"
"117","IOST","0xfa1a856cfa3409cfa145fa4e20eb270df3eb21ab","18","t"
"176","XBP","0x28dee01d53fed0edf5f6e310bf8ef9311513ae40","18","t"
"181","OCN","0x4092678e4e78230f46a1534c0fbc8fa39780892b","18","t"
"184","XDCE","0x41ab1b6fcbb2fa9dced81acbdec13ea6315f2bf2","18","t"
"192","SMT3","0xc761c8dc05ae52a8a785665e528ddbb00c098ad1","18","t"
"105","AGI","0x8eB24319393716668D768dCEC29356ae9CfFe285","8","t"
"76","CAT","0x56ba2ee7890461f463f7be02aac3099f6d5811a8","18","t"
"101","INXT","0xa8006c4ca56f24d6836727d106349320db7fef82","8","t"
"127","WPR","0x4CF488387F035FF08c371515562CBa712f9015d4","18","t"
"118","CHSB","0xba9d4199faB4f26eFE3551D490E3821486f135Ba","8","t"
"106","JNT","0xa5fd1a791c4dfcaacc963d4f73c6ae5824149ea7","18","t"
"109","ESZ","0xe8a1df958be379045e2b46a31a98b93a2ecdfded","18","t"
"194","MITX","0x4a527d8fc13C5203AB24BA0944F4Cb14658D1Db6","18","t"
"119","FOTA","0x4270bb238f6dd8b1c3ca01f96ca65b2647c06d3c","18","t"
"153","DOCK","0xE5Dada80Aa6477e85d09747f2842f7993D0Df71C","18","t"
"126","MWAT","0x6425c6be902d692ae2db752b3c268afadb099d3b","18","t"
"128","SIG","0x6888a16ea9792c15a4dcf2f6c623d055c8ede792","18","t"
"132","DAN","0x9b70740e708a083c6ff38df52297020f5dfaa5ee","10","t"
"136","X8X","0x910dfc18d6ea3d6a7124a6f8b5458f281060fa4c","18","t"
"150","SENT","0xa44E5137293E855B1b7bC7E2C6f8cD796fFCB037","8","t"
"110","SETH2","0x78b039921e84e726eb72e7b1212bb35504c645ca","18","t"
"138","RFR","0xd0929d411954c47438dc1d871dd6081f5c5e149c","4","t"
"114","CV","0xda6cb58a0d0c01610a29c5a65c303e13e885887c","18","t"
"142","GEM","0xc7bba5b765581efb2cdd2679db5bea9ee79b201f","18","t"
"143","DRG","0x814f67fa286f7572b041d041b1d99b432c9155ee","8","t"
"147","LIF","0xeb9951021698b42e4399f9cbb6267aa35f82d59d","18","t"
"148","FKX","0x009e864923b49263c7f10d19b7f8ab7a9a5aad33","18","t"
"152","XNK","0xbc86727e770de68b1060c91f6bb6945c73e10388","18","t"
"161","TFD","0xe5f166c0d8872b68790061317bb6cca04582c912","18","t"
"137","ITC","0x5E6b6d9aBAd9093fdc861Ea1600eBa1b355Cd940","18","t"
"162","AMB","0x4dc3643dbc642b72c158e7f3d2ff232df61cb6ce","18","t"
"164","NPX","0x28b5e12cce51f15594b0b91d5b5adaa70f684a02","2","t"
"166","BMH","0xf03045a4c8077e38f3b8e2ed33b8aee69edf869f","18","t"
"171","LST","0x4de2573e27e648607b50e1cfff921a33e4a34405","18","t"
"173","LOOM","0xA4e8C3Ec456107eA67d3075bF9e3DF3A75823DB0","18","t"
"174","BBC","0xe7d3e4413e29ae35b0893140f4500965c74365e5","18","t"
"177","SEN","0xd53370acf66044910bb49cbcfe8f3cd020337f60","18","t"
"179","IPSX","0x001f0aa5da15585e5b2305dbab2bac425ea71007","18","t"
"180","VIEW","0xf03f8d65bafa598611c3495124093c56e8f638f0","18","t"
"182","DROP","0x4672bad527107471cb5067a887f4656d585a8a31","18","t"
"112","CXO","0xb6ee9668771a79be7967ee29a63d4184f8097143","18","t"
"120","CPC","0xfae4ee59cdd86e3be9e8b90b53aa866327d7c090","18","t"
"185","BERRY","0x6aeb95f06cda84ca345c2de0f3b7f96923a44f4c","14","t"
"122","POLY","0x9992eC3cF6A55b00978cdDF2b27BC6882d88D1eC","18","t"
"124","BEE","0x4d8fc1453a0f359e99c9675954e656d80d996fbf","18","t"
"133","HKN","0x9e6b2b11542f2bc52f3029077ace37e8fd838d7f","8","t"
"159","BANCA","0x998b3b82bc9dba173990be7afb772788b5acb8bd","18","t"
"99","QSP","0x99ea4dB9EE77ACD40B119BD1dC4E33e1C070b80d","18","t"
"104","REAL","0x9214ec02cb71cba0ada6896b8da260736a67ab10","18","t"
"169","AMN","0x737f98ac8ca59f2c68ad658e3c3d8c8963e40a4c","18","t"
"113","EVE","0x923108a439c4e8c2315c4f6521e5ce95b44e9b4c","18","t"
"160","SHIP","0xe25b0BBA01Dc5630312B6A21927E578061A13f55","18","t"
"287","ZIPT","0xedd7c94fd7b4971b916d15067bc454b9e1bad980","18","t"
"225","CEDEX","0xf4065e4477e91c177ded71a7a6fb5ee07dc46bc9","18","t"
"238","WEB","0x840fe75abfadc0f2d54037829571b2782e919ce4","18","t"
"242","MRP","0x21f0f0fd3141ee9e11b3d7f13a1028cd515f459c","18","t"
"246","BIT","0x47da42696a866cdc61a4c809a515500a242909c1","18","t"
"249","BITCAR","0x08b4c866ae9d1be56a06e0c302054b4ffe067b43","8","t"
"202","CEL","0xaaAEBE6Fe48E54f431b0C390CfaF0b017d09D42d","4","t"
"250","LAN","0x64ff248ddd36430e3640fbea76999941a8bccbd7","18","t"
"251","MVL","0xa849eaae994fb86afa73382e9bd88c2b6b18dc71","18","t"
"273","VITE","0x1b793E49237758dBD8b752AFC9Eb4b329d5Da016","18","t"
"259","000","0xadc46ff5434910bd17b24ffb429e585223287d7f","8","t"
"265","THRT","0x4f27053f32eda8af84956437bc00e5ffa7003287","18","t"
"267","LIKE","0x02f61fd266da6e8b102d4121f5ce7b992640cf98","18","t"
"261","SNX","0xC011a73ee8576Fb46F5E1c5751cA3B9Fe0af2a6F","18","t"
"274","MET","0xa3d58c4e56fedcae3a7c43a725aee9a71f0ece4e","18","t"
"458","PXBT","0x6a7041ff8cb4da0253a00bb1e548caf77c238bda","8","t"
"283","MFT","0xDF2C7238198Ad8B389666574f2d8bc411A4b7428","18","t"
"278","ELY","0xa95592dcffa3c080b4b40e459c5f5692f67db7f8","18","t"
"290","NCC","0x5d48f293baed247a2d0189058ba37aa238bd4725","18","t"
"364","BIRD","0x026e62dded1a6ad07d93d39f96b9eabd59665e0d","18","t"
"88","LEV","0x0f4ca92660efad97a9a70cb0fe969c755439772c","9","t"
"183","ADH","0xe69a353b3152dd7b706ff7dd40fe1d18b7802d31","18","t"
"200","FTX","0xd559f20296ff4895da39b5bd9add54b442596a61","18","t"
"204","SS","0xbbff862d906e348e9946bfb2132ecb157da3d4b4","18","t"
"208","XES","0xa017ac5fac5941f95010b12570b812c974469c2c","18","t"
"210","KRL","0x464ebe77c293e473b48cfe96ddcf88fcf7bfdac0","18","t"
"492","ANJ","0xcD62b1C403fa761BAadFC74C525ce2B51780b184","18","t"
"216","CNN","0x8713d26637cf49e1b6b4a7ce57106aabc9325343","18","t"
"217","POA20","0x6758b7d441a9739b98552b373703d8d3d14f9e62","18","t"
"220","BBK","0x4a6058666cf1057eac3cd3a5a614620547559fc9","18","t"
"270","ZINC","0x4aac461c86abfa71e9d00d9a2cde8d74e4e1aeea","18","t"
"245","ZCN","0xb9EF770B6A5e12E45983C5D80545258aA38F3B78","10","t"
"271","DAV","0xd82df0abd3f51425eb15ef7580fda55727875f14","18","t"
"227","SNOV","0xbdc5bac39dbe132b1e030e898ae3830017d7d969","18","t"
"224","LBA","0xfe5F141Bf94fE84bC28deD0AB966c16B17490657","18","t"
"230","FACE","0x1ccaa0f2a7210d76e1fdec740d5f323e2e1b1672","18","t"
"232","XYO","0x55296f69f40ea6d20e478533c15a6b08b654e758","18","t"
"263","PST","0x5d4abc77b8405ad177d8ac6682d584ecbfd46cec","18","t"
"279","PITCH","0x87f56ee356b434187105b40f96b230f5283c0ab4","9","t"
"281","BST","0x509a38b7a1cc0dcd83aa9d06214663d9ec7c7f4a","18","t"
"282","GOT","0x423b5f62b328d0d6d44870f4eee316befa0b2df5","18","t"
"289","PNK","0x93ED3FBe21207Ec2E8f2d3c3de6e058Cb73Bc04d","18","t"
"262","DGX","0x4f3AfEC4E5a3F2A6a1A411DEF7D7dFe50eE057bF","9","t"
"66","DNA","0x82b0e50478eeafde392d45d1259ed1071b6fda81","18","t"
"196","AUC","0xc12d099be31567add4e4e4d0d45691c3f58f5663","18","t"
"206","DML","0xbcdfe338d55c061c084d81fd793ded00a27f226d","18","t"
"209","GEN","0x543ff227f64aa17ea132bf9886cab5db55dcaddf","18","t"
"213","XTRD","0x9c794f933b4dd8b49031a79b0f924d68bef43992","18","t"
"215","EXRT","0xb20043f149817bff5322f1b928e89abfc65a9925","8","t"
"222","SGN","0xb2135ab9695a7678dd590b1a996cb0f37bcb0718","9","t"
"258","MVP","0x8a77e40936bbc27e80e9a3f526368c967869c86d","18","t"
"226","HER","0x491c9a23db85623eed455a8efdd6aba9b911c5df","18","t"
"269","PMA","0x846C66cf71C43f80403B51fE3906B3599D63336f","18","t"
"275","QNT","0x4a220E6096B25EADb88358cb44068A3248254675","18","t"
"231","TTV","0xa838be6e4b760e6061d4732d6b9f11bf578f9a76","18","t"
"211","TUSD","0x0000000000085d4780B73119b644AE5ecd22b376","18","f"
"285","ESS","0xfc05987bd2be489accf0f509e44b0145d68240f7","18","t"
"286","REP","0x1985365e9f78359a9b6ad760e32412f4a445e862","18","t"
"228","HYDRO","0xEBBdf302c940c6bfd49C6b165f457fdb324649bc","18","t"
"234","BBO","0x84f7c44b6fed1080f647e354d552595be2cc602f","18","t"
"235","IOTX","0x6fb3e0a217407efff7ca062d46c26e5d60a14d69","18","t"
"239","XCD","0xca00bc15f67ebea4b20dfaaa847cace113cc5501","18","t"
"253","OMG","0xd26114cd6EE289AccF82350c8d8487fedB8A0C07","18","t"
"243","CEEK","0xb056c38f6b7dc4064367403e26424cd2c60655e1","18","t"
"256","WBT","0xe2ee1ac57b2e5564522b2de064a47b3f98b0e9c9","18","t"
"288","BOX","0x63f584fa56e60e4d0fe8802b27c7e6e3b33e007f","18","t"
"277","EGT","0x8e1b448EC7aDFc7Fa35FC2e885678bD323176E34","18","t"
"266","TGAME","0xf8e06e4e4a80287fdca5b02dccecaa9d0954840f","18","t"
"413","EUULA","0x26dE40bFFAFe73Ff4E37089B2C71e35Fd02eb1a7","2","t"
"199","PAR","0x1beef31946fbbb40b877a72e4ae04a8d1a5cee06","18","t"
"257","ATMI","0x97aeb5066e1a590e868b511457beb6fe99d329f5","18","t"
"218","SNTR","0x2859021ee7f2cb10162e67f33af2d22764b31aff","4","t"
"264","AUTO","0x622dffcc4e83c64ba959530a5a5580687a57581b","18","t"
"203","VLD","0x922ac473a3cc241fd3a0049ed14536452d58d73c","18","t"
"240","EDR","0xc528c28FEC0A90C083328BC45f587eE215760A0F","18","t"
"207","NBAI","0x17f8afb63dfcdcc90ebe6e84f060cc306a98257d","18","t"
"223","CLN","0x4162178b78d6985480a308b2190ee5517460406d","18","t"
"272","OLT","0x64a60493d888728cf42616e034a0dfeae38efcf0","18","t"
"358","BETHER","0x14c926f2290044b647e1bf2072e67b495eff1905","18","t"
"368","PLA","0x0198f46f520f33cd4329bd4be380a25a90536cd5","18","t"
"388","ORBS","0xff56cc6b1e6ded347aa0b7676c85ab0b3d08b0fa","18","t"
"327","IHF","0xaF1250fa68D7DECD34fD75dE8742Bc03B29BD58e","18","t"
"384","LIT","0x763Fa6806e1acf68130D2D0f0df754C93cC546B2","18","t"
"254","RMESH","0x8d5682941ce456900b12d47ac06a88b47c764ce1","18","t"
"255","HOLD","0xd6e1401a079922469e9b965cb090ea6ff64c6839","18","t"
"375","VIDT","0x5137a403dd25e48de528912a4af62881e625d801","18","t"
"309","SVD","0xbdeb4b83251fb146687fa19d1c660f99411eefe3","18","t"
"310","FTT","0x2aec18c5500f21359ce1bea5dc1777344df4c0dc","18","t"
"312","BEAT","0x2fb12bccf6f5dd338b76be784a93ade072425690","18","t"
"320","FTXT","0x41875c2332b0877cdfaa699b641402b7d4642c32","8","t"
"322","ARCONA","0x0f71b8de197a1c84d31de0f1fa7926c365f052b3","18","t"
"517","SWAP","0xCC4304A31d09258b0029eA7FE63d032f52e44EFe","18","t"
"306","DX","0x973e52691176d36453868D9d86572788d27041A9","18","t"
"337","TYPE","0xeaf61fc150cd5c3bea75744e830d916e60ea5a9f","4","t"
"372","PCL","0x0F02e27745e3b6e9e1310d19469e2b5D7B5eC99A","8","t"
"339","LQD","0xd29f0b5b3f50b07fe9a9511f7d86f4f4bac3f8c4","18","t"
"371","FET","0x1d287cc25dad7ccaf76a26bc660c5f7c8e2a05bd","18","t"
"343","AWC","0xad22f63404f7305e4713ccbd4f296f34770513f4","8","t"
"27","VGX","0x5Af2Be193a6ABCa9c8817001F45744777Db30756","8","t"
"353","NKN","0x5Cf04716BA20127F1E2297AdDCf4B5035000c9eb","18","t"
"360","ZCC","0x6737fe98389ffb356f64ebb726aa1a92390d94fb","18","t"
"361","WMB","0x7a18919f0b05fa5e91f3ef43afe8a72105c9d4b8","6","t"
"362","COT","0x5c872500c00565505f3624ab435c222e558e9ff8","18","t"
"373","HUDDL","0x5137a403dd25e48de528912a4af62881e625d801","18","t"
"376","MESG","0x420167d87d35c3a249b32ef6225872fbd9ab85d2","18","t"
"377","PMNT","0x81b4d08645da11374a03749ab170836e4e539767","9","t"
"357","WBTC","0x2260FAC5E5542a773Aa44fBCfeDf7C193bc2C599","8","t"
"363","HXRO","0x4bD70556ae3F8a6eC6C4080A0C327B24325438f3","18","t"
"145","MNTP","0x83cee9e086a77e492ee0bb93c2b0437ad6fdeccc","18","t"
"293","SEAL","0xd7b3669c7d3e38ab5a441383d41f25e003e02148","18","t"
"294","SNR","0x47d1a59cbdd19aee060c859c0009277e245328ae","18","t"
"299","SET","0xfa75b65e52a6cbc5503f45f4abba2c5df4688875","18","t"
"301","ACAD","0x1efc4dfd580df95426a0f04848870bd8cb5a338e","18","t"
"201","ABT","0xB98d4C97425d9908E66E53A6fDf673ACcA0BE986","18","t"
"330","MAS","0x23ccc43365d9dd3882eab88f43d515208f832430","18","t"
"333","TOL","0xd07d9fe2d2cc067015e2b4917d24933804f42cfa","18","t"
"340","PSK","0x1c5f43710a1776b0ea7191b7ead75d4b98d69858","18","t"
"344","FOAM","0x4946fcea7c692606e8908002e55a582af44ac121","18","t"
"348","KAT","0xa858bc1b71a895ee83b92f149616f9b3f6afa0fb","18","t"
"349","UTS","0x979ebc09e55ea0ab563cf7175e4c4b1a03afc19a","18","t"
"332","USDC","0xA0b86991c6218b36c1d19D4a2e9Eb0cE3606eB48","6","f"
"354","COVA","0xb37a769b37224449d92aac57de379e1267cd3b00","18","t"
"356","STASH","0x965f109d31ccb77005858defae0ebaf7b4381652","18","t"
"331","DEC2","0xb3c61539af156438951ea6cd48756d22a48fce62","18","t"
"385","SNTVT","0x7865af71cf0b288b4E7F654f4F7851EB46a2B7F8","18","t"
"381","CSP","0xa6446d655a0c34bc4f05042ee88170d056cbaf45","18","t"
"382","ZAP","0x6781a0f84c7e9e846dcb84a9a5bd49333067b104","18","t"
"386","NOW","0xE9A95d175a5f4C9369f3b74222402eB1b837693b","8","t"
"313","CDT","0x177d39AC676ED1C67A2b268AD7F1E58826E5B0af","18","t"
"352","XCHF","0xB4272071eCAdd69d933AdcD19cA99fe80664fc08","18","t"
"387","CUSD","0x1410d4ec3d276c0ebbf16ccbe88a4383ae734ed0","18","t"
"341","COIN","0xd29f0b5b3f50b07fe9a9511f7d86f4f4bac3f8c4","18","t"
"233","BTT","0xfa456cf55250a839088b27ee32a424d7dacb54ff","18","t"
"296","SAT","0x92736b3bff1bbd72a72478d78f18a6ab9b68b791","18","t"
"297","T2T","0xe6824483e279d967ea6f8472ace7585862fa1185","18","t"
"298","NTK2","0x5d4d57cd06fa7fe99e26fdc481b468f77f05073c","18","t"
"302","ONG","0xd341d1680eeee3255b8c4c75bcce7eb57f144dae","18","t"
"304","MFTU","0x05d412ce18f24040bb3fa45cf2c69e506586d8e8","18","t"
"365","FXC","0x4a57e687b9126435a9b19e4a802113e266adebde","18","t"
"53","REQ","0x8f8221aFbB33998d8584A2B05749bA73c37a938a","18","t"
"307","IG","0x8a88f04e0c905054d2f33b26bb3a46d7091a039a","18","t"
"319","GENE","0x884181554dfa9e578d36379919c05c25dc4a15bb","18","t"
"321","UUU","0x3543638ed4a9006e4840b105944271bcea15605d","18","t"
"346","CMCT","0x47bc01597798dcd7506dcca36ac4302fc93a8cfb","8","t"
"367","NRP","0x3918c42f14f2eb1168365f911f63e540e5a306b5","8","t"
"305","ROX","0x574f84108a98c575794f75483d801d1d5dc861a5","18","t"
"347","ECHT","0x1a2277c83930b7a64c3e3d5544eaa8c4f946b1b7","18","t"
"369","IMT","0x13119e34e140097a507b07a5564bde1bc375d9e6","18","t"
"370","CCN","0x17b26400621695c2d8c2d8869f6259e82d7544c4","18","t"
"328","UBBEY","0x6cb1c2b61e24ad08bf5fff4d2b13ea987d211a88","18","t"
"338","FTM","0x4E15361FD6b4BB609Fa63C81A2be19d873717870","18","t"
"280","MRPH","0x7B0C06043468469967DBA22d1AF33d77d44056c8","4","t"
"329","TBE","0xb3c61539af156438951ea6cd48756d22a48fce62","18","t"
"378","CRO","0xA0b73E1Ff0B80914AB6fe0444E65848C4C34450b","8","t"
"379","BEZ","0x8a1e3930fde1f151471c368fdbb39f3f63a65b55","18","t"
"380","AERGO","0xae31b85bfe62747d0836b82608b4830361a3d37a","18","t"
"405","AQU","0x7756Edf05Ef3c2b321A85D77B5cbF7c8A9a7C247","18","t"
"423","MT","0x4442556a08a841227bef04c67a7ba7acf01b6fc8","18","t"
"416","1UP","0x07597255910a51509CA469568B048F2597E72504","18","t"
"435","ESH","0xD6a55C63865AffD67E2FB9f284F87b7a9E5FF3bD","18","t"
"412","ENK","0x92B914f1DDcBb1D117a718E83C9ED7eB32fc44d1","18","t"
"443","BAND","0xBA11D00c5f74255f56a5E366F4F77f5A186d7f55","18","t"
"390","AER","0xac4d22e40bf0b8ef4750a99ed4e935b99a42685e","18","t"
"417","USDQ","0x4954Db6391F4feB5468b6B943D4935353596aEC9","18","t"
"447","S","0x96B0bF939D9460095C15251F71Fda11e41DcBddB","18","t"
"455","PFCT","0x069480de51cfc3a8fdc7d2338925089a3f842740","8","t"
"463","PCNY","0x76977256b9ad3cab59bf570327273c403a94dd0f","8","t"
"464","PXBC","0xb38bb9f5b9a73a3097d3a7cadd330aa6e6da8586","8","t"
"465","PMXN","0x76ab520359a02fcd529cb889653ce27bd8ebaf57","8","t"
"467","PCAD","0x2e7c90cb8c0e5bcce167b0eb836275a9ac703af8","8","t"
"479","PXLM","0xc93e8db665de16ad92f9a360284ac87d9b24bb87","8","t"
"480","PDASH","0x398208d9cbd270f796d753df070f73200335dd57","8","t"
"482","TEL","0x467bccd9d29f223bce8043b84e8c8b282827790f","2","t"
"427","MBN","0x4Eeea7B48b9C3ac8F70a9c932A8B1E8a5CB624c7","18","t"
"420","CYBR","0xaEaabb69dcB0FE926B1979f0B032FCd17FD7b2E0","18","t"
"308","TALAO","0x1d4ccc31dab6ea20f461d329a0562c1c58412515","18","t"
"450","TIOX","0xd947b0ceab2A8885866B9A04A06AE99DE852a3d4","18","t"
"316","UBEX","0x6704b673c70de9bf74c8fba4b4bd748f0e2190e1","18","t"
"393","RC","0xd6e49800decb64c0e195f791348c1e87a5864fd7","9","t"
"394","ZNT","0x4fa000df40c06fc8c7d9179661535846b7cd4f87","18","t"
"446","ANGEL","0xf150b9054013552A6288320Dc4AFe1beeBb79D8E","18","t"
"404","JAR","0xa249de6948022783765fee4850d7b85e43118fcc","18","t"
"418","KRWQ","0x3c6cFBDAF0A04fc257B185BF98934a12124FE8D0","18","t"
"395","IDEX","0xB705268213D593B8FD88d3FDEFF93AFF5CbDcfAE","18","t"
"481","DAI","0x6B175474E89094C44Da98b954EedeAC495271d0F","18","f"
"431","NEXO","0xB62132e35a6c13ee1EE0f84dC5d40bad8d815206","18","t"
"452","MES","0x322f4f6a48329690957a3BCBd1301516C2B83c1F","8","t"
"428","SWM","0x3505f494c3f0fed0b594e01fa41dd3967645ca39","18","t"
"432","CHP","0xf3db7560e820834658b590c96234c333cd3d5e5e","18","t"
"433","SXDT","0x12b306fa98f4cbb8d4457fdff3a0a0a56f07ccdf","18","t"
"436","SXP","0x8CE9137d39326AD0cD6491fb5CC0CbA0e089b6A9","18","t"
"456","PXAU","0x57accaad359ed96a0b4d027079b6f5351b043912","8","t"
"461","PEUR","0x087cb8ca94604050abfb30d85346343368b51e36","8","t"
"408","TFB","0x79cdFa04e3c4EB58C4f49DAE78b322E5b0D38788","18","t"
"396","CRE","0x115ec79f1de567ec68b7ae7eda501b406626478e","18","t"
"397","RSR","0x8762db106B2c2A0bccB3A80d1Ed41273552616E8","18","t"
"398","SSN","0xA5b46FF9a887180C8FB2d97146398Ddfc5FEF1Cd","18","t"
"444","TRB","0x0Ba45A8b5d5575935B8158a88C631E9F9C95a2e5","18","t"
"403","VNC","0xDf413690Fb785e56895551CC21086A15b6E90386","8","t"
"419","QDAO","0x3166c570935a7d8554c8f4ea792ff965d2efe1f2","18","t"
"426","PGF7T","0x9FadeA1aFF842D407893e21DBD0E2017b4C287b6","18","t"
"429","VID","0x2c9023bbc572ff8dc1228c7858a280046ea8c9e5","18","t"
"451","OXT","0x4575f41308EC1483f3d399aa9a2826d74Da13Deb","18","t"
"434","KICK","0xc12d1c73ee7dc3615ba4e37e4abfdbddfa38907e","8","t"
"424","XDB","0xB9EefC4b0d472A44be93970254Df4f4016569d27","7","t"
"439","SLVD","0xdba8e8021fe321af91fc3a08e223ef15908cb2bb","8","t"
"355","LTO","0x3DB6Ba6ab6F95efed1a6E794caD492fAAabF294D","8","t"
"442","FRM","0xE5CAeF4Af8780E59Df925470b050Fb23C43CA68C","6","t"
"462","PADA","0x6711a024414f68935e8320e421e59486cea4be24","8","t"
"466","PCHF","0x224d4b441cde579b5b691ee464468f90d3475bb7","8","t"
"469","PHKD","0x6e95ff397ebbd73bd136b17b4166692d23d418a5","8","t"
"470","PPHP","0xe161bd7fcaa326cd327343719b788464cbcae60f","8","t"
"471","PGBP","0x8ce3686848745c8c8ceed250c1e780533f56065c","8","t"
"473","PINR","0xb22466a9e500a609d1febf229e032f4793b339f5","8","t"
"485","FOUR","0x4730fB1463A6F1F44AEB45F6c5c422427f37F4D0","18","t"
"484","ALG","0x16B0a1a87ae8aF5C792faBC429C4FE248834842B","18","t"
"314","MUXE","0x515669d308f887fd83a471c7764f5d084886d34d","18","t"
"345","LPT","0x58b6A8A3302369DAEc383334672404Ee733aB239","18","t"
"402","STPT","0xDe7D85157d9714EADf595045CC12Ca4A5f3E2aDb","18","t"
"401","CHR","0x8A2279d4A90B6fe1C4B30fa660cC9f926797bAA2","6","t"
"409","COTI","0xddb3422497e61e13543bea06989c0789117555c5","18","t"
"410","XCT","0xd2bb16cf38ca086cab5128d5c25de9477ebd596b","18","t"
"411","URAC","0xff8be4b22cedc440591dcb1e641eb2a0dd9d25a5","18","t"
"415","LGO","0x0a50c93c762fdd6e56d86215c24aaad43ab629aa","8","t"
"421","SWACE","0x03b155af3f4459193a276395dd76e357bb472da1","18","t"
"449","PNG","0x9da1659a203cEfE6E9C6da98C7a669a1eC3D7EdE","18","t"
"472","PJPY","0x36e8ead13891de915d6a44b06d087445da1fe36c","8","t"
"477","PBNB","0xdc6eb54d81601f3b604388a9c3d2688beeb73955","8","t"
"478","PLTC","0x0723da554e874e01182a567eb533a6af403896fb","8","t"
"425","HUT","0x77c347d3ff9af04a9ed71dfad8a53e04cd2fabb6","18","t"
"62","RDN","0x255Aa6DF07540Cb5d3d297f0D0D4D84cb52bc8e6","18","t"
"438","ZVC","0x4db0e5c4df3562968f2d54448cd83ca65cfaa9a3","9","t"
"392","MATIC","0x7D1AfA7B718fb893dB30A3aBc0Cfc608AaCfeBB0","18","t"
"454","PUSD","0x93d3296cac208422bf587c3597d116e809870f2b","8","t"
"508","BZRX","0x56d811088235F11C8920698a204A5010a788f4b3","18","t"
"335","JSE","0x2d184014b5658c453443aa87c8e9c4d57285620b","18","t"
"486","LCX","0x037A54AaB062628C9Bbae1FDB1583c195585fe41","18","t"
"496","JRT","0x8A9C67fee641579dEbA04928c4BC45F66e26343A","18","t"
"524","DSLA","0x3aFfCCa64c2A6f4e3B6Bd9c64CD2C969EFd1ECBe","18","t"
"500","BAL","0xba100000625a3754423978a60c9317c58a424e3D","18","t"
"497","GHOST","0xa1d65e8fb6e87b60feccbc582f7f97804b725521","18","t"
"487","PRQ","0xfe2786d7d1ccab8b015f6ef7392f67d778f8d8d7","18","t"
"82","UFR","0xea097a2b1db00627b2fa17460ad260c016016977","18","t"
"491","EDI","0x79C5a1Ae586322A07BfB60be36E1b31CE8C84A1e","18","t"
"260","UPP","0xc86d054809623432210c107af2e3f619dcfbf652","18","t"
"100","CBT","0x076c97e1c869072ee22f8c91978c99b4bcb02591","18","t"
"514","YFI","0x0bc529c00C6401aEF6D220BE8C6Ea1667F6Ad93e","18","t"
"509","DEC","0x30f271c9e86d2b7d00a6376cd96a1cfbd5f0b9b3","18","t"
"311","ABL","0xf8b358b3397a8ea5464f8cc753645d42e14b79ea","18","t"
"488","LEDU","0xc741f06082aa47f93729070ad0dd95e223bda091","8","t"
"522","AGA","0x2D80f5F5328FdcB6ECeb7Cacf5DD8AEDaEC94e20","4","t"
"490","UMA","0x04Fa0d235C4abf4BcF4787aF4CF447DE572eF828","18","t"
"97","SAL","0x75c5ee419331b6150879530d06f9ba054755f1da","18","t"
"98","ELF","0xbf2179859fc6D5BEE9Bf9158632Dc51678a4100e","18","t"
"131","DXT","0x8db54ca569d3019a2ba126d03c37c44b5ef81ef6","8","t"
"139","FND","0x4df47b4969b2911c966506e3592c41389493953b","18","t"
"146","LION","0x2167fb82309cf76513e83b25123f8b0559d6b48f","18","t"
"503","DEXT","0x26CE25148832C04f3d7F26F32478a9fe55197166","18","t"
"186","MTC","0x905e337c6c8645263d3521205aa37bf4d034e745","18","t"
"511","MTA","0xa3BeD4E1c75D00fa6f4E5E6922DB7261B5E9AcD2","18","t"
"21","STORJ","0xB64ef51C888972c908CFacf59B47C1AfBC0Ab8aC","8","t"
"501","DMG","0xEd91879919B71bB6905f23af0A68d231EcF87b14","18","t"
"13","MYST","0xa645264c5603e96c3b0b078cdab68733794b0a71","8","t"
"519","CRV","0xD533a949740bb3306d119CC777fa900bA034cd52","18","t"
"178","CAPP","0x04f2e7221fdb1b52a68169b25793e51478ff0329","2","t"
"163","BAX","0x9a0242b7a33dacbe40edb927834f96eb39f8fbcb","18","t"
"498","USDT","0xdAC17F958D2ee523a2206206994597C13D831ec7","6","f"
"521","SUSHI","0x6B3595068778DD592e39A122f4f5a5cF09C90fE2","18","t"
"326","EDN","0x05860d453c7974cbf46508c06cba14e211c629ce","18","t"
"499","COMP","0xc00e94Cb662C3520282E6f5717214004A7f26888","18","t"
"237","ETK","0x3c4a3ffd813a107febd57b2f01bc344264d90fde","2","t"
"506","CTSI","0x491604c0FDF08347Dd1fa4Ee062a822A5DD06B5D","18","t"
"28","DENT","0x3597bfd533a99c9aa083587b074434e61eb0a258","8","t"
"504","TERN","0x24283732C3DF91EE1e4354a3934C14B88B2d9a51","18","t"
"292","AXPR","0x5d48f293baed247a2d0189058ba37aa238bd4725","18","t"
"59","ARN","0xba5f11b16b155792cf3b2e6880e8706859a8aeb6","8","t"
"252","METM","0xfef3884b603c33ef8ed4183346e093a173c94da6","18","t"
"268","LCK","0x82adce3b6a226f9286af99841410b04a075b54d5","18","t"
"276","DIW","0xa253be28580ae23548a4182d95bf8201c28369a8","18","t"
"507","TAT","0x37Ee79E0B44866876de2fB7F416d0443DD5ae481","18","t"
"516","FNX","0xeF9Cd7882c067686691B6fF49e650b43AFBBCC6B","18","t"
"108","IDH","0x5136c98a80811c3f46bdda8b5c4555cfd9f812f0","6","t"
"123","MTN","0x41dbecc1cdc5517c6f76f6a6e836adbee2754de3","18","t"
"195","LND","0x0947b0e6d821378805c9598291385ce7c791a6b2","18","t"
"295","DACC","0xf8c595d070d104377f58715ce2e6c93e49a87f3c","6","t"
"303","BNC","0xef51c9377feb29856e61625caf9390bd0b67ea18","8","t"
"205","HOT","0x6c6EE5e31d828De241282B9606C8e98Ea48526E2","18","t"
"523","SPRKL","0x4b7aD3a56810032782Afce12d7d27122bDb96efF","8","t"
"489","PYLNT","0xD8924385CD46e6AF6F377871C732BDe2F8e9dD18","18","t"
"44","LINK","0x514910771AF9Ca656af840dff83E8264EcF986CA","18","t"
"36","MANA","0x0F5D2fB29fb7d3CFeE444a200298f468908cC942","18","t"
"5","RLC","0x607F4C5BB672230e8672085532f7e901544a7375","9","t"
"495","DXD","0xa1d65E8fB6e87b60FECCBc582F7f97804B725521","18","t"
"51","ENG","0xf0Ee6b27b759C9893Ce4f094b49ad28fd15A23e4","8","t"
"512","RSV","0x196f4727526eA7FB1e17b2071B3d8eAA38486988","18","t"
"505","CUR","0x13339fD07934CD674269726EdF3B5ccEE9DD93de","18","t"
"515","PLT","0x9fbfed658919a896b5dc7b00456ce22d780f9b65","18","t"
"74","BLT","0x107c4504cd79c5d2696ea0030a8dd4e92601b82e","18","t"
"90","INS","0x5b2e4a700dfbc560061e957edec8f6eeeb74a320","10","t"
"116","QASH","0x618e75ac90b12c6049ba3b27f5d5f8651b0037f6","6","t"
"155","LALA","0xfd107b473ab90e8fbd89872144a3dc92c40fa8c9","18","t"
"170","YUP","0xd9a12cde03a86e800496469858de8581d3a5353d","18","t"
"197","IVY","0xa4ea687a2a7f29cf2dc66b39c68e4411c0d00c49","18","t"
"221","WYS","0xd8950fdeaa10304b7a7fd03a2fc66bc39f3c711a","18","t"
"229","IPL","0x64cdf819d3e75ac8ec217b3496d7ce167be42e80","18","t"
"244","ICNQ","0xb3e2cb7cccfe139f8ff84013823bf22da6b6390a","18","t"
"284","ZXC","0x83e2be8d114f9661221384b3a50d24b96a5653f5","18","t"
"291","HYB","0x6059f55751603ead7dc6d280ad83a7b33d837c90","18","t"
"342","HEAL","0x6bd26bb09c992e09d2156b48f723e56e52eead9c","18","t"
"214","UBT","0x8400D94A5cb0fa0D041a3788e395285d61c9ee5e","8","t"
"67","LEND","0x80fb784b7ed66730e8b1dbd9820afd29931aab03","18","t"
"513","VXV","0x7D29A64504629172a429e64183D6673b9dAcbFCe","18","t"
"494","KAI","0xD9Ec3ff1f8be459Bb9369b4E79e9Ebcf7141C093","18","t"
"528","EBASE","0xa689DCEA8f7ad59fb213be4bc624ba5500458dC6","18","t"
"437","XRT","0x7dE91B204C1C737bcEe6F000AAA6569Cf7061cb7","9","t"
"3","1ST","0xaf30d2a7e90d7dc361c8c4585e9bb7d2f6f15bc7","18","t"
"4","DGD","0xe0b7927c4af23765cb51314a0e0521a9645f0e2a","9","t"
"247","0XBTC","0xb6ed7644c69416d67b522e20bc294a9a9b405b31","8","t"
"518","LIBERTAS","0x49184E6dAe8C8ecD89d8Bdc1B950c597b8167c90","2","t"
"430","UDOO","0x12f649a9e821f90bb143089a6e56846945892ffb","18","t"
"529","LRC","0xBBbbCA6A901c926F240b89EacB641d8Aec7AEafD","18","t"
"383","NFC","0xb0866289e870D2efc282406cF4123Df6E5BcB652","18","t"
"453","PEG","0x996B396b88Cc4A1D8Df3dBd1c088CDfaEE17e6D4","8","t"
"414","POLL","0x705EE96c1c160842C92c1aeCfCFfccc9C412e3D9","18","t"
"300","PKG","0x02f2d4a04e6e01ace88bd2cd632875543b2ef577","18","t"
"441","CYFM","0x32b87fb81674aa79214e51ae42d571136e29d385","18","t"
"445","ROOBEE","0xa31b1767e09f842ecfd4bc471fe44f830e3891aa","18","t"
"457","PKRW","0x9e6fa5d7a76627cf8fc9f8640b9a0356a552f16f","8","t"
"459","PETH","0x6065616a4bad5ce723a5608dcb85d3dbd20b55dd","8","t"
"460","PXAG","0xcb2968a9bb8a1afb23c817f08c7a8c5ba591c0e2","8","t"
"468","PSGD","0x110c2921d3c83111f53152fc4bbea8ce57f12959","8","t"
"475","PDCR","0xeacfd89d4299aa43ec121f1d322bc1c3b140e26c","8","t"
"476","PZEC","0x630605234f93b4cdbe3e016f0276669cce749dc7","8","t"
"248","QKC","0xEA26c4aC16D4a5A106820BC8AEE85fd0b7b2b664","18","t"
"502","STAKE","0x0Ae055097C6d159879521C384F1D2123D1f195e6","18","t"
"79","TAU","0xc27A2F05fa577a83BA0fDb4c38443c0718356501","18","t"
"520","TRADE","0x6F87D756DAf0503d08Eb8993686c7Fc01Dc44fB1","18","t"
"407","EQUAD","0xC28e931814725BbEB9e670676FaBBCb694Fe7DF2","18","t"
"317","CST","0xbb49a51ee5a66ca3a8cbe529379ba44ba67e6771","18","t"
"318","HAND","0x48c1b2f3efa85fbafb2ab951bf4ba860a08cdbb7","0","t"
"323","HAVY","0x7c2e5b7ec572199d3841f6a38f7d4868bd0798f1","8","t"
"324","CARD","0x954b890704693af242613edef1b603825afcd708","18","t"
"334","ONE","0x4d807509aece24c0fa5a102b6a3b059ec6e14392","18","t"
"336","AMO","0x38c87aa89b2b8cd9b95b736e1fa7b612ea972169","18","t"
"350","ATF","0x014e42ae89b24738591e2f695e1ef6d95bd38619","18","t"
"351","GMB","0xa0008f510fe9ee696e7e320c9e5cbf61e27791ee","18","t"
"531","REPv2","0x221657776846890989a759BA2973e427DfF5C9bB","18","t"
"525","FRONT","0xf8C3527CC04340b208C854E985240c02F7B7793f","18","t"
"94","PRFT","0xc5cea8292e514405967d958c2325106f2f48da77","18","t"
"64","GVT","0x103c3A209da59d3E7C4A89307e66521e081CFDF0","18","t"
"95","STK","0xae73b38d1c9a8b274127ec30160a4927c4d71824","18","t"
"102","PRO","0x9041fe5b3fdea0f5e4afdc17e75180738d877a01","18","t"
"530","UNI","0x1f9840a85d5aF5bf1D1762F925BDADdC4201F984","18","t"
"154","FDZ","0x23352036e911a22cfc692b5e2e196692658aded9","18","t"
"187","MRK","0xf453b5b9d4e0b5c62ffb256bb2378cc2bc8e8a89","8","t"
"359","SPRING","0xfb0bdc444c8ae7e9b5beea5e4d1e8de93879e487","18","t"
"188","GBX","0x12fcd6463e66974cf7bbc24ffc4d40d6be458283","8","t"
"366","UGAS","0x8716fc5da009d3a208f0178b637a50f4ef42400f","18","t"
"189","LCD","0x9a4059c1cf329a017e0ee1337c503137fd9463b2","18","t"
"190","MFG","0x6710c63432a2de02954fc0f851db07146a6c0312","18","t"
"191","CMS","0xf83301c5cd1ccbb86f466a6b3c53316ed2f8465a","6","t"
"193","ORI","0xd2fa8f92ea72abb35dbd6deca57173d22db2ba49","18","t"
"483","KBC","0xd67b1db49801b6f4c96a01a4f7964233150dc58b","7","t"
"198","ABYSS","0x0e8d6b471e332f140e7d9dbb99e5e3822f728da6","18","t"
"493","XIO","0x0f7F961648aE6Db43C75663aC7E5414Eb79b5704","18","t"
"212","BZNT","0xe1aee98495365fc179699c1bb3e761fa716bee62","18","t"
"389","RC20","0x61b2d3ea9f1c6b387c985c73d40e8fbfb284e5c7","18","t"
"526","AAVE","0x7Fc66500c84A76Ad7e9c93437bFc5Ac33E2DDaE9","18","t"
"219","FXT","0x1829aa045e21e0d59580024a951db48096e01782","18","t"
"236","RTE","0x436f0f3a982074c4a05084485d421466a994fe53","18","t"
"391","ORME","0xc96df921009b790dffca412375251ed1a2b75c60","8","t"
"399","BQQQ","0x1b80eeeadcc590f305945bcc258cfa770bbe1890","18","t"
"510","ALEPH","0x27702a26126e0B3702af63Ee09aC4d1A084EF628","18","t"
"527","AMP","0xfF20817765cB7f73d4bde2e66e067E58D11095C2","18","t"
"374","ANKR","0x8290333ceF9e6D528dD5618Fb97a76f268f3EDD4","18","t"
"96","CRPT","0x80A7E048F37A50500351C204Cb407766fA3baE7f","18","t"
"315","DIP","0xc719d010B63E5bbF2C0551872CD5316ED26AcD83","18","t"
"422","DPH","0x875353Da48C4f9627c4D0b8B8c37B162fC43ce67","18","t"